{"cameraMode":{"drawMode":0,"name":"Shaded","section":"Shading Mode"},"sceneLighting":false,"audioPlay":false,"sceneViewState":{"m_AlwaysRefresh":false,"showFog":false,"showSkybox":false,"showFlares":false,"showImageEffects":false,"showParticleSystems":false,"showVisualEffectGraphs":true,"m_FxEnabled":true},"in2DMode":false,"pivot":{"x":0.06093329191207886,"y":0.4957992136478424,"z":0.13643133640289308},"rotation":{"x":0.047819849103689197,"y":-0.9518921971321106,"z":0.2257026731967926,"w":0.20168668031692506},"size":1.5303676128387452,"orthographic":false}